IC_GROUP0;IC_GROUP1;IC_GROUP2;IE_NAME;IE_CODE;IP_PROP57;IP_PROP49;IP_PROP56;IE_PREVIEW_TEXT;IE_DETAIL_TEXT;IE_PREVIEW_PICTURE;IE_DETAIL_PICTURE
Hu-Friedy;Боры-трепаны;;TRMGRIFF;trmgriff;Хирургия;HU-FRIEDY;Германия;Трепан, внутренний диаметр 8 мм.;;rmt11714157274038341.jpg;rmt11714157274038341.jpg
Hu-Friedy;Боры-трепаны;;TRE080M;tre080m;Хирургия;HU-FRIEDY;Германия;Трепан, внутренний диаметр 6 мм.;;rmt316952124495929057.jpg;rmt316952124495929057.jpg
Hu-Friedy;Боры-трепаны;;TRE060M;tre060m;Хирургия;HU-FRIEDY;Германия;Трепан, внутренний диаметр 4 мм.;;rmt18864798981746768278.jpg;rmt18864798981746768278.jpg
Hu-Friedy;Боры-трепаны;;TRE040M;tre040m;Хирургия;HU-FRIEDY;Германия;Трепан, внутренний диаметр 2 мм.;;rmt1673440165306166296.jpg;rmt1673440165306166296.jpg
Hu-Friedy;Боры-трепаны;;TRE020M;tre020m;Хирургия;HU-FRIEDY;Германия;Трепан, внутренний диаметр 12 мм.;;rmt2075487386718637689.jpg;rmt2075487386718637689.jpg
Hu-Friedy;Боры-трепаны;;TRE0120M;tre0120m;Хирургия;HU-FRIEDY;Германия;Трепан, внутренний диаметр 10 мм.;;rmt13902485561857381302.jpg;rmt13902485561857381302.jpg
Hu-Friedy;Боры-трепаны;;IMS-1372T;ims-1372t;Хирургия;HU-FRIEDY;Германия;Подставка IMS с высокой крышкой для дезинфекции и стерилизации трепанов, сверл, штифтов 84х62х22мм.;;rmt694249149164230287.jpg;rmt694249149164230287.jpg
Hu-Friedy;Боры-трепаны;;IMS-1372SH;ims-1372sh;Хирургия;HU-FRIEDY;Германия;44х33х22 мм подставка IMS для дезинфекции и стерилизации 6 боров, короткая.;;rmt11570192262141842772.png;rmt11570192262141842772.png
Hu-Friedy;Боры-трепаны;;CBFL112;cbfl112;Хирургия;HU-FRIEDY;Германия;3 Lindemann длинный.;;rmt7073065711185362713.jpg;rmt7073065711185362713.jpg
Hu-Friedy;Боры-трепаны;;BURL3;burl3;Хирургия;HU-FRIEDY;Германия;2 Lindemann средний.;;rmt4832624331778045759.jpg;rmt4832624331778045759.jpg
Hu-Friedy;Боры-трепаны;;BURL2;burl2;Хирургия;HU-FRIEDY;Германия;1 Lindemann короткий.;;rmt16721360982102165981.jpg;rmt16721360982102165981.jpg
Hu-Friedy;Боры-трепаны;;BURL1;burl1;Хирургия;HU-FRIEDY;Германия;Шаровидный бор с алмазным покрытием.;;rmt495131744806608332.jpg;rmt495131744806608332.jpg
Hu-Friedy;Долота;;CL846;cl846;Хирургия;HU-FRIEDY;Германия;#55 Kramer-Nevins долото 5,5 мм.;;rmt1592612035469610910.jpg;rmt1592612035469610910.jpg
Hu-Friedy;Долота;;CKN55;ckn55;Хирургия;HU-FRIEDY;Германия;#3 Kramer-Nevins долото 3 мм.;;rmt17789220261788943158.jpg;rmt17789220261788943158.jpg
Hu-Friedy;Долота;;CKN3;ckn3;Хирургия;HU-FRIEDY;Германия;Долото 4х135 мм.;;rmt1427400742915481059.jpg;rmt1427400742915481059.jpg
Hu-Friedy;Долота;;CBFL214;cbfl214;Хирургия;HU-FRIEDY;Германия;Долото 6х135 мм.;;rmt1972613933825523982.jpg;rmt1972613933825523982.jpg
Hu-Friedy;Зажимы;;ILHH;ilhh;Хирургия;HU-FRIEDY;Германия;Halsted-Mosquito 12 см/43/4“ прямой;;rmt733358250923166558.png;rmt733358250923166558.png
Hu-Friedy;Зажимы;;H4;h4;Хирургия;HU-FRIEDY;Германия;3 Halsted-Mosquito 12 см/43/4“ изогнутый;;rmt1145345301364141140.jpg;rmt1145345301364141140.jpg
Hu-Friedy;Зеркала;;SRTZ04;srtz04;Хирургия;HU-FRIEDY;Германия;Зеркало для фотографирования бокового зубного ряда и для определения параллельности установки имплантатов 33х83 мм.;;rmt703413764676962596.jpg;rmt703413764676962596.jpg
Hu-Friedy;Зеркала;;SRTZ03;srtz03;Хирургия;HU-FRIEDY;Германия;Зеркало для фотографирования бокового зубного ряда и для определения параллельности установки имплантатов 40х83 мм.;;rmt416906687715859584.jpg;rmt416906687715859584.jpg
Hu-Friedy;Зеркала;;SRTZ02;srtz02;Хирургия;HU-FRIEDY;Германия;Зеркало для фотографирования полного зубного ряда 76х96 мм.;;rmt151062020687353018.jpg;rmt151062020687353018.jpg
Hu-Friedy;Зонды пародонтологические;;PEREUR6;pereur6;Хирургия;HU-FRIEDY;Германия;Набор из 7 насадок и 1 ручки.;;rmt4547362021298866369.jpg;rmt4547362021298866369.jpg
Hu-Friedy;Зонды пародонтологические;;PCV12KIT6;pcv12kit6;Хирургия;HU-FRIEDY;Германия;CP-15 Университет Северной Каролины, #30, #6, #7;;rmt2051189994439797669.jpg;rmt2051189994439797669.jpg
Hu-Friedy;Зонды пародонтологические;;PCPUNC157;pcpunc157;Хирургия;HU-FRIEDY;Германия;Зонд имплантологический, 20 мм;;rmt1395517482674331632.jpg;rmt1395517482674331632.jpg
Hu-Friedy;Зонды пародонтологические;;IMS-1236;ims-1236;Хирургия;HU-FRIEDY;Германия;Simion Инструмент для синус-лифтинга, #6;;rmt11276672121904811317.jpg;rmt11276672121904811317.jpg
Hu-Friedy;Иглодержатели;;OSS6518S;oss6518s;Хирургия;HU-FRIEDY;Германия;Webster 13 см/5“ *8-0, 9-0, 10-0 гладкие щечки;;rmt4699017771168257300.jpg;rmt4699017771168257300.jpg
Hu-Friedy;Иглодержатели;;NHW;nhw;Хирургия;HU-FRIEDY;Германия;Титановый, прямой 18 см 6-0, 7-0, 8-0, 9-0, 10-0.;;rmt14285862311957127737.jpg;rmt14285862311957127737.jpg
Hu-Friedy;Иглодержатели;;NHTMBH;nhtmbh;Хирургия;HU-FRIEDY;Германия;Schlee иглодержатель для микрохирургии 18 см 6-0, 7-0, 8-0.;;rmt12522294751052087022.jpg;rmt12522294751052087022.jpg
Hu-Friedy;Иглодержатели;;NHSLSCHLEE;nhslschlee;Хирургия;HU-FRIEDY;Германия;Olsen-Hegar 17 см/63/4“ *3-0, 4-0, 5-0, 6-0 иглодержатель/ножницы;;rmt1890942584327738711.jpg;rmt1890942584327738711.jpg
Hu-Friedy;Иглодержатели;;NHOH;nhoh;Хирургия;HU-FRIEDY;Германия;Mayo-Hegar 16 см/61/4“ *1-0, 2-0, 3-0, 4-0 с выемкой;;rmt1263032823410382720.jpg;rmt1263032823410382720.jpg
Hu-Friedy;Иглодержатели;;NHMH;nhmh;Хирургия;HU-FRIEDY;Германия;Mathieu 14 см/51/2“ *1-0, 2-0, 3-0, 4-0;;rmt21079783181441636504.jpg;rmt21079783181441636504.jpg
Hu-Friedy;Иглодержатели;;NHM;nhm;Хирургия;HU-FRIEDY;Германия;Lichtenberg 17 см*3-0, 4-0, 5-0. Используются для наложения швов.;;rmt15773146812113907940_63_866_77_90.jpg;rmt15773146812113907940_63_866_77_90.jpg
Hu-Friedy;Иглодержатели;;NHLBPSE;nhlbpse;Хирургия;HU-FRIEDY;Германия;Lichtenberg 20 см*3-0, 4-0, 5-0, 6-0 с внутренним креплением. Используются для наложения швов.;;rmt19572439942059063370.jpg;rmt19572439942059063370.jpg
Hu-Friedy;Иглодержатели;;NHLBPSB;nhlbpsb;Хирургия;HU-FRIEDY;Германия;Hegar-Baumgartner 14 см/51/2“ *1-0, 2-0, 3-0, 4-0;;rmt2119575180432270571.jpg;rmt2119575180432270571.jpg
Hu-Friedy;Иглодержатели;;NHHB;nhhb;Хирургия;HU-FRIEDY;Германия;Micro Castroviejo прямой с алмазным покрытием 18 см/7” 4-0, 5-0, 6-0.;;rmt3092617701157029975.jpg;rmt3092617701157029975.jpg
Hu-Friedy;Иглодержатели;;NHDPVN;nhdpvn;Хирургия;HU-FRIEDY;Германия;Micro Castroviejo прямой с алмазным покрытием 18 см/7” 6-0, 7-0, 8-0.;;rmt15198720401446391824.jpg;rmt15198720401446391824.jpg
Hu-Friedy;Иглодержатели;;NHDPV;nhdpv;Хирургия;HU-FRIEDY;Германия;Micro Castroviejo изогнутый с алмазным покрытием 18 см/7” 4-0, 5-0, 6-0.;;rmt21270346191711026641.jpg;rmt21270346191711026641.jpg
Hu-Friedy;Иглодержатели;;NHDCPVN;nhdcpvn;Хирургия;HU-FRIEDY;Германия;Micro Castroviejo изогнутый с алмазным покрытием 18 см/7” 6-0, 7-0, 8-0.;;rmt560365094329561464.jpg;rmt560365094329561464.jpg
Hu-Friedy;Иглодержатели;;NHDCPV;nhdcpv;Хирургия;HU-FRIEDY;Германия;Derf 12.5 см/5“ *3-0, 4-0, 5-0, 6-0 с выемкой;;rmt7398346631142553791.jpg;rmt7398346631142553791.jpg
Hu-Friedy;Иглодержатели;;NHD;nhd;Хирургия;HU-FRIEDY;Германия;Crile-Wood 15 см/6“ *3-0, 4-0, 5-0, 6-0 с выемкой;;rmt138227058818216753201.jpg;rmt138227058818216753201.jpg
Hu-Friedy;Иглодержатели;;NHCW;nhcw;Хирургия;HU-FRIEDY;Германия;Castroviejo 18 см *5-0, 6-0, 7-0, 8-0;;rmt923663805451122718.jpg;rmt923663805451122718.jpg
Hu-Friedy;Иглодержатели;;NHCV18;nhcv18;Хирургия;HU-FRIEDY;Германия;Castroviejo 14 см/51/2“ *5-0, 6-0, 7-0, 8-0;;rmt15889991141190584331.jpg;rmt15889991141190584331.jpg
Hu-Friedy;Иглодержатели;;NHCV;nhcv;Хирургия;HU-FRIEDY;Германия;Boynton 12 см/43/4“ * 8-0, 9-0, 10-0;;rmt15697638442131599806.jpg;rmt15697638442131599806.jpg
Hu-Friedy;Иглодержатели;;NHB;nhb;Хирургия;HU-FRIEDY;Германия;Mini-Ryder 18 см *8-0, 9-0, 10-0;;rmt16103087551218208822.jpg;rmt16103087551218208822.jpg
Hu-Friedy;Иглодержатели;;NH5094;nh5094;Хирургия;HU-FRIEDY;Германия;Mini-Ryder 15 см *8-0, 9-0, 10-0;;rmt1622384149197423401.jpg;rmt1622384149197423401.jpg
Hu-Friedy;Иглодержатели;;NH5092;nh5092;Хирургия;HU-FRIEDY;Германия;HMT 18 см *6-0, 7-0, 8-0 микро-сосудистый.;;rmt1750515060539787798.jpg;rmt1750515060539787798.jpg
Hu-Friedy;Иглодержатели;;NH5084;nh5084;Хирургия;HU-FRIEDY;Германия;15 см *6-0, 7-0, 8-0 микро-сосудистый;;rmt1454868353943868646.jpg;rmt1454868353943868646.jpg
Hu-Friedy;Иглодержатели;;NH5082;nh5082;Хирургия;HU-FRIEDY;Германия;Mathieu 14 см *1-0, 2-0, 3-0, 4-0;;rmt20710422762133549947.jpg;rmt20710422762133549947.jpg
Hu-Friedy;Иглодержатели;;NH5076;nh5076;Хирургия;HU-FRIEDY;Германия;Mathieu-Kocher 14 см *1-0, 2-0, 3-0, 4-0 с внутренним креплением.;;rmt1008767344593632035.jpg;rmt1008767344593632035.jpg
Hu-Friedy;Иглодержатели;;NH5074E;nh5074e;Хирургия;HU-FRIEDY;Германия;Mathieu-Kocher 14 см *1-0, 2-0, 3-0, 4-0;;rmt5328631902064789648.jpg;rmt5328631902064789648.jpg
Hu-Friedy;Иглодержатели;;NH5074;nh5074;Хирургия;HU-FRIEDY;Германия;Olsen-Hegar 14 см *3-0, 4-0, 5-0 иглодержатель/ножницы;;rmt1543139338949850414.jpg;rmt1543139338949850414.jpg
Hu-Friedy;Иглодержатели;;NH5072;nh5072;Хирургия;HU-FRIEDY;Германия;Olsen-Hegar 17 см *3-0, 4-0, 5-0 иглодержатель/ножницы;;rmt12708687141184731190.jpg;rmt12708687141184731190.jpg
Hu-Friedy;Иглодержатели;;NH5068;nh5068;Хирургия;HU-FRIEDY;Германия;Fine Swedish *5-0, 6-0, 15 см для левой руки;;rmt20074341231860508306.jpg;rmt20074341231860508306.jpg
Hu-Friedy;Иглодержатели;;NH5052L;nh5052l;Хирургия;HU-FRIEDY;Германия;Fine Swedish *5-0, 6-0, 15 см;;rmt17693917162049305342.jpg;rmt17693917162049305342.jpg
Hu-Friedy;Иглодержатели;;NH5052;nh5052;Хирургия;HU-FRIEDY;Германия;14 см *4-0, 5-0, 6-0 узкие щечки;;rmt18142689352072309244.jpg;rmt18142689352072309244.jpg
Hu-Friedy;Иглодержатели;;NH5050;nh5050;Хирургия;HU-FRIEDY;Германия;DeBakey 18 см *5-0, 6-0;;rmt1719911295106844376.jpg;rmt1719911295106844376.jpg
Hu-Friedy;Иглодержатели;;NH5046;nh5046;Хирургия;HU-FRIEDY;Германия;Mayo-Hegar 18 см *1-0, 4-0 утонченная рабочая часть.;;rmt2978451821334499595.jpg;rmt2978451821334499595.jpg
Hu-Friedy;Иглодержатели;;NH5044;nh5044;Хирургия;HU-FRIEDY;Германия;Mayo-Hegar 16 см *1-0, 2-0, 3-0, 4-0;;rmt3850193771927884676.jpg;rmt3850193771927884676.jpg
Hu-Friedy;Иглодержатели;;NH5042;nh5042;Хирургия;HU-FRIEDY;Германия;Crile-Wood 15 см *3-0, 4-0, 5-0, 6-0 для левой руки.;;rmt1502593942638497122.jpg;rmt1502593942638497122.jpg
Hu-Friedy;Иглодержатели;;NH5038L;nh5038l;Хирургия;HU-FRIEDY;Германия;Crile-Wood 15 см *3-0, 4-0, 5-0, 6-0;;rmt742779330692766141.jpg;rmt742779330692766141.jpg
Hu-Friedy;Иглодержатели;;NH5038;nh5038;Хирургия;HU-FRIEDY;Германия;Halsey 13 см *3-0, 4-0, 5-0, 6-0;;rmt1940234952373285906.jpg;rmt1940234952373285906.jpg
Hu-Friedy;Иглодержатели;;NH5037;nh5037;Хирургия;HU-FRIEDY;Германия;Halsey 13 см *8-0, 9-0, 10-0 гладкие щечки;;rmt9462787611893959362.jpg;rmt9462787611893959362.jpg
Hu-Friedy;Иглодержатели;;NH5036;nh5036;Хирургия;HU-FRIEDY;Германия;Hegar-Baumgartner 14 см *1-0, 2-0, 3-0, 4-0;;rmt52373755850106322.jpg;rmt52373755850106322.jpg
Hu-Friedy;Иглодержатели;;NH5034;nh5034;Хирургия;HU-FRIEDY;Германия;Derf 11,5 см *3-0, 4-0, 5-0;;rmt802290673146815749.jpg;rmt802290673146815749.jpg
Hu-Friedy;Иглодержатели;;NH5032;nh5032;Хирургия;HU-FRIEDY;Германия;Webster 11,5 см *8-0, 9-0, 10-0;;rmt16857711282063647127.jpg;rmt16857711282063647127.jpg
Hu-Friedy;Иглодержатели;;NH5030;nh5030;Хирургия;HU-FRIEDY;Германия;Simion #5024R, 18 см, иглодержатель прямой с круглыми ручками *от 3-0 до 7-0. Используются для наложения швов.;;rmt13942374061108162952.jpg;rmt13942374061108162952.jpg
Hu-Friedy;Иглодержатели;;NH5024SIM;nh5024sim;Хирургия;HU-FRIEDY;Германия;Castroviejo*5-0, 6-0, 7-0, 8-0, 9-0, 10-0 изогнутый с круглыми ручками. Используются для наложения швов.;;rmt1048352287391122042.jpg;rmt1048352287391122042.jpg
Hu-Friedy;Иглодержатели;;NH5024RC;nh5024rc;Хирургия;HU-FRIEDY;Германия;Castroviejo 18 см прямой с круглыми ручками. Используются для наложения швов.;;rmt3532708811758946644.jpg;rmt3532708811758946644.jpg
Hu-Friedy;Иглодержатели;;NH5024R;nh5024r;Хирургия;HU-FRIEDY;Германия;Castroviejo 18 см *5-0, 6-0, 7-0, 8-0, 9-0, 10-0 прямой. Используются для наложения швов.;;rmt10833107231527526842.jpg;rmt10833107231527526842.jpg
Hu-Friedy;Иглодержатели;;NH5024;nh5024;Хирургия;HU-FRIEDY;Германия;Arruga 16 см *5-0, 6-0, 7-0, 8-0;;rmt7993742252142219832.jpg;rmt7993742252142219832.jpg
Hu-Friedy;Иглодержатели;;NH5022;nh5022;Хирургия;HU-FRIEDY;Германия;Micro Castroviejo 14 см *5-0, 6-0, 7-0 изогнутый. Используются для наложения швов.;;rmt10477858061664846611.jpg;rmt10477858061664846611.jpg
Hu-Friedy;Иглодержатели;;NH5021M;nh5021m;Хирургия;HU-FRIEDY;Германия;Castroviejo 14 см *5-0, 6-0, 7-0 изогнутый. Используются для наложения швов.;;rmt16338532112074517141.jpg;rmt16338532112074517141.jpg
Hu-Friedy;Иглодержатели;;NH5021;nh5021;Хирургия;HU-FRIEDY;Германия;Castroviejo 14 см изогнутый 5-0, 6-0, 7-0.;;rmt26864712138877047.jpg;rmt26864712138877047.jpg
Hu-Friedy;Иглодержатели;;NH5021;nh5021;Хирургия;HU-FRIEDY;Германия;Castroviejo 14 см*5-0, 6-0, 7-0 прямой с круглыми ручками. Используются для наложения швов.;;rmt9680768251263626996.jpg;rmt9680768251263626996.jpg
Hu-Friedy;Иглодержатели;;NH5020R;nh5020r;Хирургия;HU-FRIEDY;Германия;Micro Castroviejo 14 см *5-0, 6-0, 7-0, 8-0 прямой. Используются для наложения швов.;;rmt9631284571588039705.jpg;rmt9631284571588039705.jpg
Hu-Friedy;Иглодержатели;;NH5020M;nh5020m;Хирургия;HU-FRIEDY;Германия;Castroviejo 14 см прямой 5-0, 6-0, 7-0.;;rmt407220796106716902.jpg;rmt407220796106716902.jpg
Hu-Friedy;Иглодержатели;;NH5020;nh5020;Хирургия;HU-FRIEDY;Германия;Castroviejo 14 см *5-0, 6-0, 7-0 прямой. Используются для наложения швов.;;rmt1744857053524036641.jpg;rmt1744857053524036641.jpg
Hu-Friedy;Инструменты для синус-лифтинга;;PLG1SIM;plg1sim;Хирургия;HU-FRIEDY;Германия;Kramer-Nevins тупой, #6.;;rmt1915785411600975788.jpg;rmt1915785411600975788.jpg
Hu-Friedy;Инструменты для синус-лифтинга;;PFISCHLEE;pfischlee;Хирургия;HU-FRIEDY;Германия;Simion инструмент для синус-лифтинга, 3,5 мм, #6.;;rmt1463596732867237373.jpg;rmt1463596732867237373.jpg
Hu-Friedy;Инструменты для синус-лифтинга;;NH5020;nh5020;Хирургия;HU-FRIEDY;Германия;Jovanovic, #6.;;rmt4368780792127615323.jpg;rmt4368780792127615323.jpg
Hu-Friedy;Инструменты для синус-лифтинга;;IMPSIM36;impsim36;Хирургия;HU-FRIEDY;Германия;Simion Инструмент для синус-лифтинга, #10.;;rmt75240608483022145.jpg;rmt75240608483022145.jpg
Hu-Friedy;Инструменты для синус-лифтинга;;IMPSIM1;impsim1;Хирургия;HU-FRIEDY;Германия;Kramer-Nevins тупой, #6.;;rmt17410565656557638.jpg;rmt17410565656557638.jpg
Hu-Friedy;Инструменты для синус-лифтинга;;IMP65786;imp65786;Хирургия;HU-FRIEDY;Германия;Kramer-Nevins острый, #6.;;rmt14056923861453049026.jpg;rmt14056923861453049026.jpg
Hu-Friedy;Инструменты для синус-лифтинга;;IMP6577SC6;imp6577sc6;Хирургия;HU-FRIEDY;Германия;Инструмент для синус-лифтинга, #6.;;rmt16815149631626708631.jpg;rmt16815149631626708631.jpg
Hu-Friedy;Инструменты для синус-лифтинга;;IMP6524S6;imp6524s6;Хирургия;HU-FRIEDY;Германия;Инструмент для синус-лифтинга, #6.;;rmt5560940771335049607.jpg;rmt5560940771335049607.jpg
Hu-Friedy;Инструменты для синус-лифтинга;;IMP65226;imp65226;Хирургия;HU-FRIEDY;Германия;Инструмент для синус-лифтинга, #6.;;rmt420213024270419390.jpg;rmt420213024270419390.jpg
Hu-Friedy;Инструменты для синус-лифтинга;;IMP6345S6;imp6345s6;Хирургия;HU-FRIEDY;Германия;Simion инструмент для синус-лифтинга, #6.;;rmt815084961834822542.jpg;rmt815084961834822542.jpg
Hu-Friedy;Инструменты для синус-лифтинга;;IMP300SIM;imp300sim;Хирургия;HU-FRIEDY;Германия;Инструмент для синус-лифтинга, #6.;;rmt620793428439694212.jpg;rmt620793428439694212.jpg
Hu-Friedy;Инструменты для туннельной техники;;TP41;tp41;Хирургия;HU-FRIEDY;Германия;Инструмент для туннельной техники, #6. ;;rmt18628235011749544587.jpg;rmt18628235011749544587.jpg
Hu-Friedy;Инструменты для туннельной техники;;TKN2;tkn2;Хирургия;HU-FRIEDY;Германия;Инструмент для туннельной техники, #6. ;;rmt14855614592084461860.jpg;rmt14855614592084461860.jpg
Hu-Friedy;Инструменты для туннельной техники;;PPBUSE1/26;ppbuse1/26;Хирургия;HU-FRIEDY;Германия;Распатор Allen для туннельной техники, #6.;;rmt1588948344513419186.jpg;rmt1588948344513419186.jpg
Hu-Friedy;Инструменты для туннельной техники;;PPAELA;ppaela;Хирургия;HU-FRIEDY;Германия;Распатор Allen для туннельной техники, #6.;;rmt18021765921113538408.jpg;rmt18021765921113538408.jpg
Hu-Friedy;Инструменты для туннельной техники;;PH26M;ph26m;Хирургия;HU-FRIEDY;Германия;Нож Istvan для туннельной техники, #6.;;rmt19472540891785916942.jpg;rmt19472540891785916942.jpg
Hu-Friedy;Инструменты для туннельной техники;;PFIWDS1MK;pfiwds1mk;Хирургия;HU-FRIEDY;Германия;Инструмент для туннельной техники, с небольшим изгибом #6.;;rmt536681472769694090.jpg;rmt536681472769694090.jpg
Hu-Friedy;Костные мельницы;;PSNR698L;psnr698l;Хирургия;HU-FRIEDY;Германия;Чашка: изготовлена из стали, устойчивой к коррозии, с противоскользящим съемным кольцом.;;rmt2305907921346272147.jpg;rmt2305907921346272147.jpg
Hu-Friedy;Костные мельницы;;R18;r18;Хирургия;HU-FRIEDY;Германия;Костная мельница R. Qu‘etin;;rmt51957771888168817.jpg;rmt51957771888168817.jpg
Hu-Friedy;Костные мельницы;;MIM64;mim64;Хирургия;HU-FRIEDY;Германия;Чашка для костного материала, сталь Iммunity Steel отполированная, 25 мл.;;rmt799055710180632770.jpg;rmt799055710180632770.jpg
Hu-Friedy;Кусачки костные;;RSMID1;rsmid1;Хирургия;HU-FRIEDY;Германия;Kramer-Nevins;;rmt159900931377464454.jpg;rmt159900931377464454.jpg
Hu-Friedy;Кусачки костные;;RKN;rkn;Хирургия;HU-FRIEDY;Германия;Boehler 15 см/6“ двойное действие;;rmt152908261566318508.jpg;rmt152908261566318508.jpg
Hu-Friedy;Кусачки костные;;rboec;rboec;Хирургия;HU-FRIEDY;Германия;Boehler 16 см/61/4“ двойное действие;;rmt9484200361593111567.jpg;rmt9484200361593111567.jpg
Hu-Friedy;Кусачки костные;;RBOE;rboe;Хирургия;HU-FRIEDY;Германия;Beyer 18 см/7” двойное действие;;rmt20152223101018308840.jpg;rmt20152223101018308840.jpg
Hu-Friedy;Кусачки костные;;RBEY;rbey;Хирургия;HU-FRIEDY;Германия;18M Acute Beaks 17 см/67/8” двойное действие;;rmt1316023424199342055.jpg;rmt1316023424199342055.jpg
Hu-Friedy;Кусачки костные;;R18M;r18m;Хирургия;HU-FRIEDY;Германия;18 Hu-Friedy 16.5 см/61/2“ режущая сторона;;rmt14441913611781040989.jpg;rmt14441913611781040989.jpg
Hu-Friedy;Кюреты хирургические;;SPV;spv;Хирургия;HU-FRIEDY;Германия;Кюрета SPR1/2 Prichard #2, #6;;rmt15995984881437268333.jpg;rmt15995984881437268333.jpg
Hu-Friedy;Кюреты хирургические;;SP20;sp20;Хирургия;HU-FRIEDY;Германия;Кюрета KRA-3 универсальная Kramer. #4, #6;;rmt1903071332585030015.jpg;rmt1903071332585030015.jpg
Hu-Friedy;Кюреты хирургические;;FX17E;fx17e;Хирургия;HU-FRIEDY;Германия;Экскаватор 220/221 Darby-Perry. ;;rmt92606282361482035.jpg;rmt92606282361482035.jpg
Hu-Friedy;Кюреты хирургические;;CRB;crb;Хирургия;HU-FRIEDY;Германия;9 #6 Кюреты miller (круглая ложка);;rmt10865277031072063960.jpg;rmt10865277031072063960.jpg
Hu-Friedy;Кюреты хирургические;;CM96;cm96;Хирургия;HU-FRIEDY;Германия;8 #6 Кюреты miller (круглая ложка);;rmt1207350928999038027.jpg;rmt1207350928999038027.jpg
Hu-Friedy;Кюреты хирургические;;CM86;cm86;Хирургия;HU-FRIEDY;Германия;12 #6 Кюреты miller (круглая ложка);;rmt51779652084719600.jpg;rmt51779652084719600.jpg
Hu-Friedy;Кюреты хирургические;;CM126;cm126;Хирургия;HU-FRIEDY;Германия;11 #6 Кюреты miller (круглая ложка);;rmt16001235291725215035.jpg;rmt16001235291725215035.jpg
Hu-Friedy;Кюреты хирургические;;CM116;cm116;Хирургия;HU-FRIEDY;Германия;10 #6 Кюреты miller (круглая ложка);;rmt14289128561556192507.jpg;rmt14289128561556192507.jpg
Hu-Friedy;Кюреты хирургические;;CLC40C;clc40c;Хирургия;HU-FRIEDY;Германия;88 4,7 мм #6 Кюреты LUCAS (овальная ложка);;rmt14272132491207001967.jpg;rmt14272132491207001967.jpg
Hu-Friedy;Кюреты хирургические;;CL886;cl886;Хирургия;HU-FRIEDY;Германия;87 3,5 мм #6 Кюреты LUCAS (овальная ложка);;rmt1292546166706253903.jpg;rmt1292546166706253903.jpg
Hu-Friedy;Кюреты хирургические;;CL876;cl876;Хирургия;HU-FRIEDY;Германия;86 2,8 мм #6 Кюреты LUCAS (овальная ложка);;rmt10862811582067227946.jpg;rmt10862811582067227946.jpg
Hu-Friedy;Кюреты хирургические;;CL866;cl866;Хирургия;HU-FRIEDY;Германия;85 2,5 мм #6 Кюреты LUCAS (овальная ложка);;rmt594705729929964701.jpg;rmt594705729929964701.jpg
Hu-Friedy;Кюреты хирургические;;CL856;cl856;Хирургия;HU-FRIEDY;Германия;84 2,2 мм #6 Кюреты LUCAS (овальная ложка);;rmt10542122521414009741.jpg;rmt10542122521414009741.jpg
Hu-Friedy;Лезвия для скальпелей;;MPJO66;mpjo66;Хирургия;HU-FRIEDY;Германия;"Микро-лезвие для скальпеля, имеет 
узкую рабочую часть, 12 шт.";;rmt1527613936529579985.jpg;rmt1527613936529579985.jpg
Hu-Friedy;Лезвия для скальпелей;;MCUPE;mcupe;Хирургия;HU-FRIEDY;Германия;"Микро-лезвие для скальпеля, двухстороннее 
скошенное, имеет режущий край по всей 
рабочей части, 12 шт.";;rmt5908052281638195720.jpg;rmt5908052281638195720.jpg
Hu-Friedy;Лезвия для скальпелей;;MB69;mb69;Хирургия;HU-FRIEDY;Германия;"Микро-лезвие для скальпеля, 
классическое, 12 шт.";;rmt1806577734980116454.jpg;rmt1806577734980116454.jpg
Hu-Friedy;Лезвия для скальпелей;;BER11;ber11;Хирургия;HU-FRIEDY;Германия;Лезвие для скальпеля № 15С, 100 шт.;;rmt18489690912109682132.jpg;rmt18489690912109682132.jpg
Hu-Friedy;Лезвия для скальпелей;;10-256-15;10-256-15;Хирургия;HU-FRIEDY;Германия;"Лезвие для скальпеля № 12D, 
двухстороннее, 100 шт.";;rmt965110059196920771.jpg;rmt965110059196920771.jpg
Hu-Friedy;Металлические емкости;;IPZ1;ipz1;Хирургия;HU-FRIEDY;Германия;Смазки для ухода за инструментами;;rmt15760835901281363724.jpg;rmt15760835901281363724.jpg
Hu-Friedy;Металлические емкости;;IPS;ips;Хирургия;HU-FRIEDY;Германия;Кассета для 7 инструментов;;rmt2993787171354849691.jpg;rmt2993787171354849691.jpg
Hu-Friedy;Металлические емкости;;IMSS78;imss78;Хирургия;HU-FRIEDY;Германия;Подставки для боров;;rmt2752341761944717167.jpg;rmt2752341761944717167.jpg
Hu-Friedy;Металлические емкости;;IMS-1372T;ims-1372t;Хирургия;HU-FRIEDY;Германия;Подставки для боров;;rmt6984678761228807366.jpg;rmt6984678761228807366.jpg
Hu-Friedy;Металлические емкости;;IMS-1372T;ims-1372t;Хирургия;HU-FRIEDY;Германия;Подставки для боров;;rmt1201474079794867793.jpg;rmt1201474079794867793.jpg
Hu-Friedy;Металлические емкости;;IMS-1372SH;ims-1372sh;Хирургия;HU-FRIEDY;Германия;Подставки для боров;;rmt210568846407881115.jpg;rmt210568846407881115.jpg
Hu-Friedy;Металлические емкости;;IMS-1372S;ims-1372s;Хирургия;HU-FRIEDY;Германия;(295X440 мм) – для 16-20 инструментов, 100 шт.;;rmt322428950908686812.jpg;rmt322428950908686812.jpg
Hu-Friedy;Металлические емкости;;IMS-1239;ims-1239;Хирургия;HU-FRIEDY;Германия;(225X364 мм) – для 8-10 инструментов, 100 шт.;;rmt13506463321143360512.jpg;rmt13506463321143360512.jpg
Hu-Friedy;Металлические емкости;;IMS-1238;ims-1238;Хирургия;HU-FRIEDY;Германия;(181X351 мм) – для 5 инструментов, 100 шт.;;rmt2118201717394433807.jpg;rmt2118201717394433807.jpg
Hu-Friedy;Металлические емкости;;IMS-1237;ims-1237;Хирургия;HU-FRIEDY;Германия;(89X254 мм) – для 3-6 инструментов, 200 шт.;;rmt20736319142016068126.jpg;rmt20736319142016068126.jpg
Hu-Friedy;Металлические емкости;;IMP3006;imp3006;Хирургия;HU-FRIEDY;Германия;Кассета для набора остеотомов;;rmt951447297755330183.jpg;rmt951447297755330183.jpg
Hu-Friedy;Металлические емкости;;IMDINOST;imdinost;Хирургия;HU-FRIEDY;Германия;Кассета DIN для 16 инструментов;;rmt1235658032905759886.jpg;rmt1235658032905759886.jpg
Hu-Friedy;Металлические емкости;;IMDIN168;imdin168;Хирургия;HU-FRIEDY;Германия;Кассета DIN для 18 инструментов ;;rmt1060016553509818293_57_530.jpg;rmt1060016553509818293_57_530.jpg
Hu-Friedy;Металлические емкости;;IMDIN138S;imdin138s;Хирургия;HU-FRIEDY;Германия;Кассета DIN для 13 инструментов ;;rmt16152594241602495868.jpg;rmt16152594241602495868.jpg
Hu-Friedy;Металлические емкости;;IMDIN133;imdin133;Хирургия;HU-FRIEDY;Германия;Кассета-контейнер DIN ;;rmt1549554431113342561.jpg;rmt1549554431113342561.jpg
Hu-Friedy;Металлические емкости;;IMCC120;imcc120;Хирургия;HU-FRIEDY;Германия;Кассета DIN для 5 инструментов;;rmt1085620544116893076.jpg;rmt1085620544116893076.jpg
Hu-Friedy;Металлические емкости;;IM14DIN58;im14din58;Хирургия;HU-FRIEDY;Германия;Кассета для набора остеотомов;;rmt2958074861946014477.jpg;rmt2958074861946014477.jpg
Hu-Friedy;Металлические емкости;;IM12DINOST;im12dinost;Хирургия;HU-FRIEDY;Германия;Кассета DIN для 10 инструментов;;rmt11846274991210892104.jpg;rmt11846274991210892104.jpg
Hu-Friedy;Металлические емкости;;IM12DIN108;im12din108;Хирургия;HU-FRIEDY;Германия;Смазки для ухода за инструментами;;rmt10445555431182267483.jpg;rmt10445555431182267483.jpg
Hu-Friedy;Металлические емкости;;ILS;ils;Хирургия;HU-FRIEDY;Германия;Смазки для ухода за инструментами;;rmt17496102871016846350.jpg;rmt17496102871016846350.jpg
Hu-Friedy;Молотки;;MB63;mb63;Хирургия;HU-FRIEDY;Германия;1 Mead 19 см/71/2“ 71/4 с нейлоновыми накладками.;;rmt2216088121240231450.jpg;rmt2216088121240231450.jpg
Hu-Friedy;Ножницы хирургические;;TKN1;tkn1;Хирургия;HU-FRIEDY;Германия;Micro Castroviejo изогнутые, титановые 18 см/7”.;;rmt241888099895134857.jpg;rmt241888099895134857.jpg
Hu-Friedy;Ножницы хирургические;;SR1;sr1;Хирургия;HU-FRIEDY;Германия;Castroviejo изогнутые, нержавеющая сталь 18 см/7”. ;;rmt630591348322375802.jpg;rmt630591348322375802.jpg
Hu-Friedy;Ножницы хирургические;;SHDPV;shdpv;Хирургия;HU-FRIEDY;Германия;"Ножницы Dean, 16.5 см./6 “1/2
";;rmt417214069631289021_95_453.jpg;rmt417214069631289021_95_453.jpg
Hu-Friedy;Ножницы хирургические;;S9;s9;Хирургия;HU-FRIEDY;Германия;"Ножницы Iris изогнутые, без насечек, 11.5 см./4 “1/2
";;rmt1567965602567758881.jpg;rmt1567965602567758881.jpg
Hu-Friedy;Ножницы хирургические;;S5083;s5083;Хирургия;HU-FRIEDY;Германия;"Ножницы Iris прямые, без насечек, 11.5 см./4 “1/2
";;rmt3918887491680154478.jpg;rmt3918887491680154478.jpg
Hu-Friedy;Ножницы хирургические;;S5082;s5082;Хирургия;HU-FRIEDY;Германия;"Ножницы Goldman-Fox изогнутые, без насечек, 13 см./5“
";;rmt19121966881529911346.jpg;rmt19121966881529911346.jpg
Hu-Friedy;Ножницы хирургические;;S5081;s5081;Хирургия;HU-FRIEDY;Германия;Ножницы Goldman-Fox прямые, 13 см./5“ ;;rmt18643832611859288720.jpg;rmt18643832611859288720.jpg
Hu-Friedy;Ножницы хирургические;;S5080;s5080;Хирургия;HU-FRIEDY;Германия;"Ножницы Metzenbaum слегка изогнутые, атравматичные, 18 см./7“
";;rmt1207426311709242913.jpg;rmt1207426311709242913.jpg
Hu-Friedy;Ножницы хирургические;;S5069;s5069;Хирургия;HU-FRIEDY;Германия;"Ножницы Metzenbaum изогнутые, острые, 14.5 см./5  “1/2
";;rmt9656149811579856226.jpg;rmt9656149811579856226.jpg
Hu-Friedy;Ножницы хирургические;;S5057;s5057;Хирургия;HU-FRIEDY;Германия;"Ножницы Metzenbaum прямые, острые, 14.5 см./5 “1/2

";;rmt1220153359455328726.jpg;rmt1220153359455328726.jpg
Hu-Friedy;Ножницы хирургические;;S5056;s5056;Хирургия;HU-FRIEDY;Германия;"Ножницы Metzenbaum изогнутые, атравматичные, 14.5 см./5 “1/2

";;rmt971967471845064339.jpg;rmt971967471845064339.jpg
Hu-Friedy;Ножницы хирургические;;S5055;s5055;Хирургия;HU-FRIEDY;Германия;"Ножницы Metzenbaum прямые, атравматичные, 14.5 см./5 “1/2
";;rmt5236309241785564754.jpg;rmt5236309241785564754.jpg
Hu-Friedy;Ножницы хирургические;;S5054;s5054;Хирургия;HU-FRIEDY;Германия;"Ножницы Locklin прямая ручка, одно лезвие с насечками, 16.5 см./6 “1/2

";;rmt16933077331714322616.jpg;rmt16933077331714322616.jpg
Hu-Friedy;Ножницы хирургические;;S5012;s5012;Хирургия;HU-FRIEDY;Германия;"Ножницы Locklin изогнутая ручка, одно лезвие с насечками, 16.5 см./6 “1/2

";;rmt767464357916526236.jpg;rmt767464357916526236.jpg
Hu-Friedy;Ножницы хирургические;;S5011;s5011;Хирургия;HU-FRIEDY;Германия;"Ножницы Dean одно лезвие с насечками, 16.5 см./6 “1/2
";;rmt440961280481611196.jpg;rmt440961280481611196.jpg
Hu-Friedy;Ножницы хирургические;;S5009;s5009;Хирургия;HU-FRIEDY;Германия;Kelly6 см/61/4“прямые, одно лезвие с насечками.;;rmt11141117011870787994.jpg;rmt11141117011870787994.jpg
Hu-Friedy;Ножницы хирургические;;S5002;s5002;Хирургия;HU-FRIEDY;Германия;"Ножницы Kelly изогнутые, одно лезвие с насечками, 16 см./6 “1/4
";;rmt2092259631706605073.jpg;rmt2092259631706605073.jpg
Hu-Friedy;Ножницы хирургические;;S5001;s5001;Хирургия;HU-FRIEDY;Германия;Castroviejo изогнутые, нержавеющая сталь 10 см/4”.;;rmt432747908516780376.jpg;rmt432747908516780376.jpg
Hu-Friedy;Ножницы хирургические;;S31;s31;Хирургия;HU-FRIEDY;Германия;"Ножницы Iris изогнутые, утонченные, 11.5 см/4 “1/2
";;rmt7618254327101652.jpg;rmt7618254327101652.jpg
Hu-Friedy;Ножницы хирургические;;S18SC;s18sc;Хирургия;HU-FRIEDY;Германия;Ножницы Iris прямые, утонченные, 11.5 см/4 “1/2;;rmt19081804631626863096.jpg;rmt19081804631626863096.jpg
Hu-Friedy;Ножницы хирургические;;S17SC;s17sc;Хирургия;HU-FRIEDY;Германия;Ножницы Goldman-Fox с зауженными рабочими частями, 12.5 см/5“;;rmt14588713991799524352_31_614.jpg;rmt14588713991799524352_31_614.jpg
Hu-Friedy;Ножницы хирургические;;S16SC;s16sc;Хирургия;HU-FRIEDY;Германия;Ножницы Goldman-Fox, 12.5 см./5“;;rmt845670645967215675.jpg;rmt845670645967215675.jpg
Hu-Friedy;Ножницы хирургические;;S16;s16;Хирургия;HU-FRIEDY;Германия;"Ножницы LaGrange дважды изогнутые, 11.5 см./4 “1/4

";;rmt13829934991765364434_83_733.jpg;rmt13829934991765364434_83_733.jpg
Hu-Friedy;Ножницы хирургические;;S14SC;s14sc;Хирургия;HU-FRIEDY;Германия;"Ножницы Hu-Friedy, 12 см./4 “3/4
";;rmt1129889290732342904.jpg;rmt1129889290732342904.jpg
Hu-Friedy;Ножницы хирургические;;S13S;s13s;Хирургия;HU-FRIEDY;Германия;"Ножницы Hu-Friedy дважды изогнутые 13.5 см./5 “1/4
";;rmt471635130724423861.jpg;rmt471635130724423861.jpg
Hu-Friedy;Остеотомы;;P20SIC;p20sic;Хирургия;HU-FRIEDY;Германия;Остеотомы изогнутые, выпуклые (SPREADER) 5,0 мм.;;rmt15668204591755561833.jpg;rmt15668204591755561833.jpg
Hu-Friedy;Остеотомы;;OSTMSP50A;ostmsp50a;Хирургия;HU-FRIEDY;Германия;Остеотомы прямые, выпуклые (SPREADER) 5,0 мм.;;rmt17295995491120712165.jpg;rmt17295995491120712165.jpg
Hu-Friedy;Остеотомы;;OSTMSP50;ostmsp50;Хирургия;HU-FRIEDY;Германия;Остеотомы изогнутые, выпуклые (SPREADER) 4,2 мм.;;rmt186735094182527144.jpg;rmt186735094182527144.jpg
Hu-Friedy;Остеотомы;;OSTMSP42A;ostmsp42a;Хирургия;HU-FRIEDY;Германия;Остеотомы прямые, выпуклые (SPREADER) 4,2 мм.;;rmt2800079371904048518.jpg;rmt2800079371904048518.jpg
Hu-Friedy;Остеотомы;;OSTMSP42;ostmsp42;Хирургия;HU-FRIEDY;Германия;Остеотомы изогнутые, выпуклые (SPREADER) 3,7 мм.;;rmt999576484870347652.jpg;rmt999576484870347652.jpg
Hu-Friedy;Остеотомы;;OSTMSP37A;ostmsp37a;Хирургия;HU-FRIEDY;Германия;Остеотомы прямые, выпуклые (SPREADER) 3,7 мм.;;rmt16316659521147010986.jpg;rmt16316659521147010986.jpg
Hu-Friedy;Остеотомы;;OSTMSP37;ostmsp37;Хирургия;HU-FRIEDY;Германия;Остеотомы изогнутые, выпуклые (SPREADER) 3,2 мм.;;rmt127425394940880116.jpg;rmt127425394940880116.jpg
Hu-Friedy;Остеотомы;;OSTMSP32A;ostmsp32a;Хирургия;HU-FRIEDY;Германия;Остеотомы прямые, выпуклые (SPREADER) 3,2 мм.;;rmt1315896100829597262.jpg;rmt1315896100829597262.jpg
Hu-Friedy;Остеотомы;;OSTMSP32;ostmsp32;Хирургия;HU-FRIEDY;Германия;Остеотомы изогнутые, выпуклые (SPREADER) 2,7 мм.;;rmt1899485933273557824.jpg;rmt1899485933273557824.jpg
Hu-Friedy;Остеотомы;;OSTMSP27A;ostmsp27a;Хирургия;HU-FRIEDY;Германия;Остеотомы прямые, выпуклые (SPREADER) 2,7 мм.;;rmt9488517021057187883.jpg;rmt9488517021057187883.jpg
Hu-Friedy;Остеотомы;;OSTMSP27;ostmsp27;Хирургия;HU-FRIEDY;Германия;Остеотомы прямые острые, вогнутые (SHAVER) 5,0 мм.;;rmt5851779592036832016.jpg;rmt5851779592036832016.jpg
Hu-Friedy;Остеотомы;;OSTMSH50;ostmsh50;Хирургия;HU-FRIEDY;Германия;Остеотомы прямые острые, вогнутые (SHAVER) 4,2 мм.;;rmt5309508551846766482.jpg;rmt5309508551846766482.jpg
Hu-Friedy;Остеотомы;;OSTMSH42;ostmsh42;Хирургия;HU-FRIEDY;Германия;Остеотомы прямые острые, вогнутые (SHAVER) 3,7 мм.;;rmt1246908843912094590.jpg;rmt1246908843912094590.jpg
Hu-Friedy;Остеотомы;;OSTMSH37;ostmsh37;Хирургия;HU-FRIEDY;Германия;Остеотомы прямые острые, вогнутые (SHAVER) 3,2 мм.;;rmt1416342770433953511.jpg;rmt1416342770433953511.jpg
Hu-Friedy;Остеотомы;;OSTMSH32;ostmsh32;Хирургия;HU-FRIEDY;Германия;Остеотомы прямые острые, вогнутые (SHAVER) 2,7 мм.;;rmt84126994334918388.jpg;rmt84126994334918388.jpg
Hu-Friedy;Остеотомы;;OSTMSH27;ostmsh27;Хирургия;HU-FRIEDY;Германия;Остеотомы изогнутые, плоские (Pushe r) 5,0 мм;;rmt373322825962203607.jpg;rmt373322825962203607.jpg
Hu-Friedy;Остеотомы;;OSTMPU50A;ostmpu50a;Хирургия;HU-FRIEDY;Германия;Остеотомы прямые, плоские (Pushe r) 5,0 мм.;;rmt135661574282422765.jpg;rmt135661574282422765.jpg
Hu-Friedy;Остеотомы;;OSTMPU50;ostmpu50;Хирургия;HU-FRIEDY;Германия;Остеотомы изогнутые, плоские (Pushe r) 4,2 мм.;;rmt4040962841076161467.jpg;rmt4040962841076161467.jpg
Hu-Friedy;Остеотомы;;OSTMPU42A;ostmpu42a;Хирургия;HU-FRIEDY;Германия;Остеотомы прямые, плоские (Pushe r) 4,2 мм.;;rmt3586046251357407148.jpg;rmt3586046251357407148.jpg
Hu-Friedy;Остеотомы;;OSTMPU42;ostmpu42;Хирургия;HU-FRIEDY;Германия;Остеотомы изогнутые, плоские (Pushe r) 3,7 мм.;;rmt83815929190994292.jpg;rmt83815929190994292.jpg
Hu-Friedy;Остеотомы;;OSTMPU37A;ostmpu37a;Хирургия;HU-FRIEDY;Германия;Остеотомы прямые, плоские (Pushe r) 3,7 мм.;;rmt2092780558739362359.jpg;rmt2092780558739362359.jpg
Hu-Friedy;Остеотомы;;OSTMPU37;ostmpu37;Хирургия;HU-FRIEDY;Германия;Остеотомы изогнутые, плоские (Pushe r) 3,2 мм.;;rmt6435390572031843156.jpg;rmt6435390572031843156.jpg
Hu-Friedy;Остеотомы;;OSTMPU32A;ostmpu32a;Хирургия;HU-FRIEDY;Германия;Остеотомы прямые, плоские (Pushe r) 3,2 мм.;;rmt1054325679921780995.jpg;rmt1054325679921780995.jpg
Hu-Friedy;Остеотомы;;OSTMPU32;ostmpu32;Хирургия;HU-FRIEDY;Германия;Остеотомы изогнутые, плоские (Pushe r) 2,7 мм.;;rmt111456897756901938.jpg;rmt111456897756901938.jpg
Hu-Friedy;Остеотомы;;OSTMPU27A;ostmpu27a;Хирургия;HU-FRIEDY;Германия;Остеотомы прямые, плоские (Pushe r) 2,7 мм.;;rmt1053684103112643957.jpg;rmt1053684103112643957.jpg
Hu-Friedy;Остеотомы;;OSTMPU27;ostmpu27;Хирургия;HU-FRIEDY;Германия;Сменная ручка для остеотомов.;;rmt1970878699885528284.jpg;rmt1970878699885528284.jpg
Hu-Friedy;Остеотомы;;OSTMGRIFF;ostmgriff;Хирургия;HU-FRIEDY;Германия;Jovanovic остеотом 6 мм.;;rmt14462873021245355586.jpg;rmt14462873021245355586.jpg
Hu-Friedy;Остеотомы;;OSTJO8;ostjo8;Хирургия;HU-FRIEDY;Германия;Остеотом изогнутый 7,5 мм.;;rmt23468362568859884.jpg;rmt23468362568859884.jpg
Hu-Friedy;Остеотомы;;OSS6521CS;oss6521cs;Хирургия;HU-FRIEDY;Германия;Остеотом прямой 7,5 мм.;;rmt1390395676676748263.jpg;rmt1390395676676748263.jpg
Hu-Friedy;Остеотомы;;OSS6520S;oss6520s;Хирургия;HU-FRIEDY;Германия;Остеотом изогнутый 4 мм.;;rmt6835544371382533702.jpg;rmt6835544371382533702.jpg
Hu-Friedy;Остеотомы;;OSS6519CS;oss6519cs;Хирургия;HU-FRIEDY;Германия;Остеотом прямой 4 мм.;;rmt98212251298129463.jpg;rmt98212251298129463.jpg
Hu-Friedy;Остеотомы;;IM12DINOST;im12dinost;Хирургия;HU-FRIEDY;Германия;Размер: 152х184х34 мм;;rmt1575935150498735307.jpg;rmt1575935150498735307.jpg
Hu-Friedy;Пинцеты хирургические;;TRE0100M;tre0100m;Хирургия;HU-FRIEDY;Германия;Хирургический 1х2, прямой, титановый с алмазным напылением 18 см/7”.;;rmt9029755991795248896.jpg;rmt9029755991795248896.jpg
Hu-Friedy;Пинцеты хирургические;;TPSSTMBH;tpsstmbh;Хирургия;HU-FRIEDY;Германия;Пинцет прямой для микрохирургии Velvart, синус-линия 18 см;;rmt18718511041508668564.jpg;rmt18718511041508668564.jpg
Hu-Friedy;Пинцеты хирургические;;TPSLSSCHLE;tpslsschle;Хирургия;HU-FRIEDY;Германия;Множественные зубцы, изгиб 45°, нержавеющая сталь 18 см/7”.;;rmt626706929657538529.jpg;rmt626706929657538529.jpg
Hu-Friedy;Пинцеты хирургические;;TPSLCOСMN;tpslcoсmn;Хирургия;HU-FRIEDY;Германия;Множественные зубцы, прямой, нержавеющая сталь 18 см/7”.;;rmt165162368842443173.jpg;rmt165162368842443173.jpg
Hu-Friedy;Пинцеты хирургические;;TPSLCOSM;tpslcosm;Хирургия;HU-FRIEDY;Германия;Пинцет прямой для микрохирургии Schlee, синус-линия 18 см.;;rmt609435575746210855.jpg;rmt609435575746210855.jpg
Hu-Friedy;Пинцеты хирургические;;TPSLASCHLE;tpslaschle;Хирургия;HU-FRIEDY;Германия;Пинцет изогнутый, хирургический;;rmt900856477365499512.jpg;rmt900856477365499512.jpg
Hu-Friedy;Пинцеты хирургические;;TPG4;tpg4;Хирургия;HU-FRIEDY;Германия;"Пинцет Gerald прямой, хирургический, 1х2 18 см./7” 
";;rmt12430875021639329495.jpg;rmt12430875021639329495.jpg
Hu-Friedy;Пинцеты хирургические;;TPG3;tpg3;Хирургия;HU-FRIEDY;Германия;;;rmt170137595594579314.jpg;rmt170137595594579314.jpg
Hu-Friedy;Пинцеты хирургические;;TPG2;tpg2;Хирургия;HU-FRIEDY;Германия;;;rmt1422942189677258248.jpg;rmt1422942189677258248.jpg
Hu-Friedy;Пинцеты хирургические;;TPG1;tpg1;Хирургия;HU-FRIEDY;Германия;Пинцет прямой для микрохирургии Velvart, синус-линия 18 см.;;rmt5667094201393186426.jpg;rmt5667094201393186426.jpg
Hu-Friedy;Пинцеты хирургические;;TPDSSPV;tpdsspv;Хирургия;HU-FRIEDY;Германия;Хирургический 1х2, изогнутый, нержавеющая сталь с алмазным напылением 18 см/7”.;;rmt346985400130750879.jpg;rmt346985400130750879.jpg
Hu-Friedy;Пинцеты хирургические;;TPDSCPV;tpdscpv;Хирургия;HU-FRIEDY;Германия;Прямой, нержавеющая сталь с алмазным напылением 18 см/7”.;;rmt238671208850193583.jpg;rmt238671208850193583.jpg
Hu-Friedy;Пинцеты хирургические;;TPDAPV;tpdapv;Хирургия;HU-FRIEDY;Германия;Титановый, прямой, анатомический с гладкими щечками 18 см/7”.;;rmt72766521645716860.jpg;rmt72766521645716860.jpg
Hu-Friedy;Пинцеты хирургические;;TPASTMBH;tpastmbh;Хирургия;HU-FRIEDY;Германия;"Пинцет De Bakey хирургический, множественные зубцы, 19 см./7 “1/2
";;rmt1538750742710140637.jpg;rmt1538750742710140637.jpg
Hu-Friedy;Пинцеты хирургические;;TP5091;tp5091;Хирургия;HU-FRIEDY;Германия;Пинцет De Bakey хирургический, множественные зубцы, 15 см./6“;;rmt1276201561682453124.jpg;rmt1276201561682453124.jpg
Hu-Friedy;Пинцеты хирургические;;TP5090;tp5090;Хирургия;HU-FRIEDY;Германия;;;rmt121960556977019884.jpg;rmt121960556977019884.jpg
Hu-Friedy;Пинцеты хирургические;;TP5081;tp5081;Хирургия;HU-FRIEDY;Германия;"Пинцет Potts Smith анатомический, 18 см./7“
";;rmt1916091269312756985.jpg;rmt1916091269312756985.jpg
Hu-Friedy;Пинцеты хирургические;;TP5080;tp5080;Хирургия;HU-FRIEDY;Германия;"Пинцет Generalхирургический, 1х2 15 см./6“
";;rmt1293768403283758737.jpg;rmt1293768403283758737.jpg
Hu-Friedy;Пинцеты хирургические;;TP5071;tp5071;Хирургия;HU-FRIEDY;Германия;"Пинцет General анатомический 15 см./6“
";;rmt5830430321926485419.jpg;rmt5830430321926485419.jpg
Hu-Friedy;Пинцеты хирургические;;TP5070;tp5070;Хирургия;HU-FRIEDY;Германия;;;rmt1272604713719645183.jpg;rmt1272604713719645183.jpg
Hu-Friedy;Пинцеты хирургические;;TP5062;tp5062;Хирургия;HU-FRIEDY;Германия;Пинцет анатомический изогнутый, 18 см./7“;;rmt2830802322140335274.jpg;rmt2830802322140335274.jpg
Hu-Friedy;Пинцеты хирургические;;TP5061;tp5061;Хирургия;HU-FRIEDY;Германия;Пинцет анатомический прямой, 18 см./7“;;rmt14532641901296759721.jpg;rmt14532641901296759721.jpg
Hu-Friedy;Пинцеты хирургические;;TP5060;tp5060;Хирургия;HU-FRIEDY;Германия;"Пинцет Gerald хирургический, 1х2 18 см./7“
";;rmt16111657922135599664.jpg;rmt16111657922135599664.jpg
Hu-Friedy;Пинцеты хирургические;;TP5051;tp5051;Хирургия;HU-FRIEDY;Германия;"Пинцет Gerald анатомический, 18 см./7“
";;rmt3966921371097438741.jpg;rmt3966921371097438741.jpg
Hu-Friedy;Пинцеты хирургические;;TP5050;tp5050;Хирургия;HU-FRIEDY;Германия;"
Пинцет Adson-Brown хирургический, множественные зубцы, 12 см./4 “3/4
";;rmt10025335491555459604.jpg;rmt10025335491555459604.jpg
Hu-Friedy;Пинцеты хирургические;;TP5043;tp5043;Хирургия;HU-FRIEDY;Германия;Пинцет Adson хирургический 1х2 12 см./4 “3/4;;rmt15021082611825222797.jpg;rmt15021082611825222797.jpg
Hu-Friedy;Пинцеты хирургические;;TP5042;tp5042;Хирургия;HU-FRIEDY;Германия;"Пинцет Adson анатомический 12 см./4 “3/4

";;rmt470232060443066609.jpg;rmt470232060443066609.jpg
Hu-Friedy;Пинцеты хирургические;;TP5041;tp5041;Хирургия;HU-FRIEDY;Германия;"Пинцет Adson-Brown хирургический, множественные зубцы, 12 см./4 “3/4
";;rmt1140730879310547758.jpg;rmt1140730879310547758.jpg
Hu-Friedy;Пинцеты хирургические;;TP43;tp43;Хирургия;HU-FRIEDY;Германия;"Пинцет Adson хирургический, 1х2 12 см/4 “3/4
";;rmt57874140344378627.jpg;rmt57874140344378627.jpg
Hu-Friedy;Пинцеты хирургические;;TP42;tp42;Хирургия;HU-FRIEDY;Германия;Пинцет Adson анатомический, 12 см./4 “3/4;;rmt19617720441301869849.jpg;rmt19617720441301869849.jpg
Hu-Friedy;Пинцеты хирургические;;SPAL13K6;spal13k6;Хирургия;HU-FRIEDY;Германия;Пинцет для шовного материала Corn 18 см/7”.;;rmt17693679531204570347.jpg;rmt17693679531204570347.jpg
Hu-Friedy;Пинцеты хирургические;;SP20SLEM;sp20slem;Хирургия;HU-FRIEDY;Германия;Пинцет для шовного материала Corn 15 см/6”;;rmt18130242631867785968.jpg;rmt18130242631867785968.jpg
Hu-Friedy;Распаторы;;QBM001;qbm001;Хирургия;HU-FRIEDY;Германия;;;rmt14318667681990029324.jpg;rmt14318667681990029324.jpg
Hu-Friedy;Распаторы;;PT1;pt1;Хирургия;HU-FRIEDY;Германия;Spahr распатор.;;rmt904057958769210093.jpg;rmt904057958769210093.jpg
Hu-Friedy;Распаторы;;PPSPAHR6;ppspahr6;Хирургия;HU-FRIEDY;Германия;Распатор для сосочков #6.;;rmt574575352489949310.jpg;rmt574575352489949310.jpg
Hu-Friedy;Распаторы;;PPSCHLEE;ppschlee;Хирургия;HU-FRIEDY;Германия;;;rmt14575325651870102938.jpg;rmt14575325651870102938.jpg
Hu-Friedy;Распаторы;;PPR3/9A6;ppr3/9a6;Хирургия;HU-FRIEDY;Германия;;;rmt103942113997800170_19_952.jpg;rmt103942113997800170_19_952.jpg
Hu-Friedy;Распаторы;;PPLABANCA6;pplabanca6;Хирургия;HU-FRIEDY;Германия;;;rmt12433824551433917401.jpg;rmt12433824551433917401.jpg
Hu-Friedy;Распаторы;;PPLABANCA26;pplabanca26;Хирургия;HU-FRIEDY;Германия;;;rmt745526837559348006_81_664.jpg;rmt745526837559348006_81_664.jpg
Hu-Friedy;Распаторы;;PPAEL;ppael;Хирургия;HU-FRIEDY;Германия;;;rmt11729822131113073105.jpg;rmt11729822131113073105.jpg
Hu-Friedy;Распаторы;;PP5689;pp5689;Хирургия;HU-FRIEDY;Германия;;;rmt1967287421724862827.jpg;rmt1967287421724862827.jpg
Hu-Friedy;Распаторы;;PP5590SIM;pp5590sim;Хирургия;HU-FRIEDY;Германия;;;rmt15356367241103977000.jpg;rmt15356367241103977000.jpg
Hu-Friedy;Распаторы;;PJO/16;pjo/16;Хирургия;HU-FRIEDY;Германия;Kalla распатор.;;rmt1881652384572014294.jpg;rmt1881652384572014294.jpg
Hu-Friedy;Распаторы;;PH2KALLA;ph2kalla;Хирургия;HU-FRIEDY;Германия;Hurzeler распатор.;;rmt1444502979161955810.jpg;rmt1444502979161955810.jpg
Hu-Friedy;Распаторы;;PCP65006;pcp65006;Хирургия;HU-FRIEDY;Германия;;;rmt1969230989229305820.jpg;rmt1969230989229305820.jpg
Hu-Friedy;Распаторы;;PBQ;pbq;Хирургия;HU-FRIEDY;Германия;;;rmt13280912071725808404.jpg;rmt13280912071725808404.jpg
Hu-Friedy;Распаторы;;P9/PA6;p9/pa6;Хирургия;HU-FRIEDY;Германия;;;rmt9260093681214002656.jpg;rmt9260093681214002656.jpg
Hu-Friedy;Распаторы;;P9/PA;p9/pa;Хирургия;HU-FRIEDY;Германия;;;rmt17640435171332064593.jpg;rmt17640435171332064593.jpg
Hu-Friedy;Распаторы;;P9;p9;Хирургия;HU-FRIEDY;Германия;;;rmt1853055029520462053.jpg;rmt1853055029520462053.jpg
Hu-Friedy;Распаторы;;P8D;p8d;Хирургия;HU-FRIEDY;Германия;;;rmt3831333951072907741.jpg;rmt3831333951072907741.jpg
Hu-Friedy;Распаторы;;P24GSIC;p24gsic;Хирургия;HU-FRIEDY;Германия;;;rmt2216455531445811576.jpg;rmt2216455531445811576.jpg
Hu-Friedy;Распаторы;;IR;ir;Хирургия;HU-FRIEDY;Германия;;;rmt4825845191466007593.jpg;rmt4825845191466007593.jpg
Hu-Friedy;Ретракторы;;WA;wa;Хирургия;HU-FRIEDY;Германия;"Ручка с системой фиксации для зеркал
и ретракторов, длина 110 мм.";;rmt12016839461338083041.jpg;rmt12016839461338083041.jpg
Hu-Friedy;Ретракторы;;STMBH;stmbh;Хирургия;HU-FRIEDY;Германия;Ретрактор вестибулярный, универсальный.;;rmt1674009598519261148.jpg;rmt1674009598519261148.jpg
Hu-Friedy;Ретракторы;;SRTZ07;srtz07;Хирургия;HU-FRIEDY;Германия;Ретрактор 75 мм.;;rmt20481388701416249159.jpg;rmt20481388701416249159.jpg
Hu-Friedy;Ретракторы;;SRTZ06;srtz06;Хирургия;HU-FRIEDY;Германия;Ретрактор 93 мм.;;rmt1054135296818442017.jpg;rmt1054135296818442017.jpg
Hu-Friedy;Ретракторы;;SRTZ05;srtz05;Хирургия;HU-FRIEDY;Германия;Ретрактор 72 мм.;;rmt11456618961963662376.jpg;rmt11456618961963662376.jpg
Hu-Friedy;Ретракторы;;SRTZ01;srtz01;Хирургия;HU-FRIEDY;Германия;#3 12х55 мм;;rmt951532670963817494.jpg;rmt951532670963817494.jpg
Hu-Friedy;Ретракторы;;SR3;sr3;Хирургия;HU-FRIEDY;Германия;#2 10х42 мм;;rmt20405143921906732485.jpg;rmt20405143921906732485.jpg
Hu-Friedy;Ретракторы;;SR2;sr2;Хирургия;HU-FRIEDY;Германия;Изогнутый к низу #1 7х25 мм.;;rmt575015370433103418.jpg;rmt575015370433103418.jpg
Hu-Friedy;Ретракторы;;S10SC;s10sc;Хирургия;HU-FRIEDY;Германия;Middeldorpf ретрактор;;rmt12890724122033011911.jpg;rmt12890724122033011911.jpg
Hu-Friedy;Ретракторы;;RSMID2;rsmid2;Хирургия;HU-FRIEDY;Германия;Middeldorpf ретрактор;;rmt19662904522017767490.jpg;rmt19662904522017767490.jpg
Hu-Friedy;Ретракторы;;MAL1;mal1;Хирургия;HU-FRIEDY;Германия;Ретрактор имплантологический, вестибулярный, универсальный.;;rmt1014787400946860209.jpg;rmt1014787400946860209.jpg
Hu-Friedy;Ретракторы;;CSLABANCA6;cslabanca6;Хирургия;HU-FRIEDY;Германия;Simion щечный ретрактор;;rmt11913850141232163198.jpg;rmt11913850141232163198.jpg
Hu-Friedy;Ретракторы;;CRMS;crms;Хирургия;HU-FRIEDY;Германия;Cawood-Minnesota;;rmt1423335601760396711.jpg;rmt1423335601760396711.jpg
Hu-Friedy;Ретракторы;;CRM2;crm2;Хирургия;HU-FRIEDY;Германия;University of Minnesota;;rmt13403905631378640288.jpg;rmt13403905631378640288.jpg
Hu-Friedy;Ретракторы;;CRM;crm;Хирургия;HU-FRIEDY;Германия;Bishop;;rmt13571595881389524688.jpg;rmt13571595881389524688.jpg
Hu-Friedy;Рукоятки для скальпелей;;SKRA36;skra36;Хирургия;HU-FRIEDY;Германия;Ручка титановая круглой формы, анатомическая;;rmt19311046241068804945.jpg;rmt19311046241068804945.jpg
Hu-Friedy;Рукоятки для скальпелей;;SHTMBH;shtmbh;Хирургия;HU-FRIEDY;Германия;Ручка круглая, анатомическая;;rmt13760645981226257392.jpg;rmt13760645981226257392.jpg
Hu-Friedy;Рукоятки для скальпелей;;10-256-12;10-256-12;Хирургия;HU-FRIEDY;Германия;"Ручка круглая, анатомическая. Аналог ручки
10-130-05E.";;rmt524039420759035939.jpg;rmt524039420759035939.jpg
Hu-Friedy;Рукоятки для скальпелей;;10-130-05АЕ;10-130-05ае;Хирургия;HU-FRIEDY;Германия;Ручка круглая, анатомическая;;rmt9398490421150920760.jpg;rmt9398490421150920760.jpg
Hu-Friedy;Рукоятки для скальпелей;;10-130-05E;10-130-05e;Хирургия;HU-FRIEDY;Германия;Ручка для скальпеля с метрической линейкой;;rmt11846198352024898245.jpg;rmt11846198352024898245.jpg
Hu-Friedy;Синдесмотомы, периотомы;;PTROM16;ptrom16;Хирургия;HU-FRIEDY;Германия;Имеет прямую рабочую часть для использования во фронтальном отделе.;;rmt1614477906963337781.jpg;rmt1614477906963337781.jpg
Hu-Friedy;Синдесмотомы, периотомы;;PT2;pt2;Хирургия;HU-FRIEDY;Германия;Периотом для жевательных зубов.;;rmt19037005331622782922.jpg;rmt19037005331622782922.jpg
Hu-Friedy;Синдесмотомы, периотомы;;PESIM16;pesim16;Хирургия;HU-FRIEDY;Германия;Dr. Wise синдесмотом.;;rmt1226433648123261554.jpg;rmt1226433648123261554.jpg
Hu-Friedy;Скребки костные;;SPR1/2S6;spr1/2s6;Хирургия;HU-FRIEDY;Германия;P24G/13KL Palacci модифицированный #4, #6.;;rmt1079621904970811340.jpg;rmt1079621904970811340.jpg
Hu-Friedy;Скребки костные;;PPBUSER6;ppbuser6;Хирургия;HU-FRIEDY;Германия;2|3 Buser периодонтальный скребок модифицированный, 4 мм/5 мм #6. С этими скребками возможно легко осуществлять забор трансплантационного материла в необходимом количестве.;;rmt1827403116239009223.jpg;rmt1827403116239009223.jpg
Hu-Friedy;Скребки костные;;PPBUSE2/36;ppbuse2/36;Хирургия;HU-FRIEDY;Германия;1|3 Buser периодонтальный скребок модифицированный, 3 мм/5 мм #6. С этими скребками возможно легко осуществлять забор трансплантационного материла в необходимом количестве.;;rmt16694006701970806150.jpg;rmt16694006701970806150.jpg
Hu-Friedy;Скребки костные;;PPBUSE1/36;ppbuse1/36;Хирургия;HU-FRIEDY;Германия;1|2 Buser периодонтальный скребок модифицированный, 3 мм/4 мм #6. ;;rmt1981464709571914803.jpg;rmt1981464709571914803.jpg
Hu-Friedy;Скребки костные;;PKN1526;pkn1526;Хирургия;HU-FRIEDY;Германия;13K/TG Jovanovic 6 мм #10, #6.;;rmt14623246061523139849.jpg;rmt14623246061523139849.jpg
Hu-Friedy;Скребки костные;;PJO/36;pjo/36;Хирургия;HU-FRIEDY;Германия;13K/TG Jovanovic 5 мм #10, #6.;;rmt693555512355476756.jpg;rmt693555512355476756.jpg
Hu-Friedy;Скребки костные;;PJO/26;pjo/26;Хирургия;HU-FRIEDY;Германия;13K/TG Jovanovic 4 мм #10, #6.;;rmt1547960535132218905.jpg;rmt1547960535132218905.jpg
Hu-Friedy;Шовные материалы;;PSNR7772L;psnr7772l;Хирургия;HU-FRIEDY;Германия;Реверсивно-режущие иглы C-6 ;;rmt250703658877714266.jpg;rmt250703658877714266.jpg
Hu-Friedy;Шовные материалы;;PSNR683L;psnr683l;Хирургия;HU-FRIEDY;Германия;Иглы с режущим кончиком D-14 ;;rmt13868057591917135254.jpg;rmt13868057591917135254.jpg
Hu-Friedy;Шовные материалы;;PSN953S;psn953s;Хирургия;HU-FRIEDY;Германия;Иглы с режущим кончиком D-14 ;;rmt715846487659279107.jpg;rmt715846487659279107.jpg
Hu-Friedy;Шовные материалы;;PSN952S;psn952s;Хирургия;HU-FRIEDY;Германия;Иглы с круглым сечением T-28;;rmt2025125065755373035.jpg;rmt2025125065755373035.jpg
Hu-Friedy;Шовные материалы;;PSN8756P;psn8756p;Хирургия;HU-FRIEDY;Германия;Иглы с круглым сечением T-28;;~nophoto_2_61_802.png;~nophoto_2_61_802.png
Hu-Friedy;Шовные материалы;;PSN872S;psn872s;Хирургия;HU-FRIEDY;Германия;Иглы с круглым сечением T-28;;~nophoto_2_82_80.png;~nophoto_2_82_80.png
Hu-Friedy;Шовные материалы;;PSN871S;psn871s;Хирургия;HU-FRIEDY;Германия;Иглы с круглым сечением T-28;;~nophoto_2_8_511.png;~nophoto_2_8_511.png
Hu-Friedy;Шовные материалы;;PSN870S;psn870s;Хирургия;HU-FRIEDY;Германия;Реверсивно-режущие иглы Premium C-3 ;;~nophoto_2_60_883.png;~nophoto_2_60_883.png
Hu-Friedy;Шовные материалы;;PSN8698P;psn8698p;Хирургия;HU-FRIEDY;Германия;Реверсивно-режущие иглы Premium C-1 ;;rmt973976721337647110.jpg;rmt973976721337647110.jpg
Hu-Friedy;Шовные материалы;;PSN8697P;psn8697p;Хирургия;HU-FRIEDY;Германия;Реверсивно-режущие иглы Premium C-1 ;;rmt19737788211572935648.jpg;rmt19737788211572935648.jpg
Hu-Friedy;Шовные материалы;;PSN8696P;psn8696p;Хирургия;HU-FRIEDY;Германия;Реверсивно-режущие иглы Premium C-3 ;;rmt85673257296968899.jpg;rmt85673257296968899.jpg
Hu-Friedy;Шовные материалы;;PSN8695P;psn8695p;Хирургия;HU-FRIEDY;Германия;Реверсивно-режущие иглы C-6 ;;rmt1818517447202020663.jpg;rmt1818517447202020663.jpg
Hu-Friedy;Шовные материалы;;PSN8683P;psn8683p;Хирургия;HU-FRIEDY;Германия;Реверсивно-режущие иглы C-6 ;;rmt17138996901180536406.jpg;rmt17138996901180536406.jpg
Hu-Friedy;Шовные материалы;;PSN8661P;psn8661p;Хирургия;HU-FRIEDY;Германия;Реверсивно-режущие иглы C-22 ;;rmt1214221412377730599.jpg;rmt1214221412377730599.jpg
Hu-Friedy;Шовные материалы;;PSN8660P;psn8660p;Хирургия;HU-FRIEDY;Германия;Реверсивно-режущие иглы C-22 ;;rmt1041022605173112559.jpg;rmt1041022605173112559.jpg
Hu-Friedy;Шовные материалы;;PSN8614P;psn8614p;Хирургия;HU-FRIEDY;Германия;Реверсивно-режущие иглы C-17 ;;rmt1127282838562087345.jpg;rmt1127282838562087345.jpg
Hu-Friedy;Шовные материалы;;PSN8385P;psn8385p;Хирургия;HU-FRIEDY;Германия;Реверсивно-режущие иглы C-17 ;;rmt1667774791275796807.jpg;rmt1667774791275796807.jpg
Hu-Friedy;Шовные материалы;;PSN8384P;psn8384p;Хирургия;HU-FRIEDY;Германия;Реверсивно-режущие иглы C-4;;rmt69464908281336079.jpg;rmt69464908281336079.jpg
Hu-Friedy;Шовные материалы;;PSN8245P;psn8245p;Хирургия;HU-FRIEDY;Германия;Иглы с режущим кончиком D-14 ;;~nophoto_2_6_359.png;~nophoto_2_6_359.png
Hu-Friedy;Шовные материалы;;PSN7773L;psn7773l;Хирургия;HU-FRIEDY;Германия;Реверсивно-режущие иглы C-6 ;;rmt1923926757697927730.png;rmt1923926757697927730.png
Hu-Friedy;Шовные материалы;;PSN7772S;psn7772s;Хирургия;HU-FRIEDY;Германия;Реверсивно-режущие иглы C-43 ;;rmt592167284586175661.jpg;rmt592167284586175661.jpg
Hu-Friedy;Шовные материалы;;PSN7764S;psn7764s;Хирургия;HU-FRIEDY;Германия;Реверсивно-режущие иглы C-43 ;;rmt516312281030495871.jpg;rmt516312281030495871.jpg
Hu-Friedy;Шовные материалы;;PSN7763S;psn7763s;Хирургия;HU-FRIEDY;Германия;Реверсивно-режущие иглы C-43 ;;rmt1900487971696913270.jpg;rmt1900487971696913270.jpg
Hu-Friedy;Шовные материалы;;PSN7762S;psn7762s;Хирургия;HU-FRIEDY;Германия;Иглы с режущим кончиком D-14 ;;rmt6785661041597818893.jpg;rmt6785661041597818893.jpg
Hu-Friedy;Шовные материалы;;PSN773P;psn773p;Хирургия;HU-FRIEDY;Германия;Реверсивно-режущие иглы C-9 ;;rmt1985663752275184654.png;rmt1985663752275184654.png
Hu-Friedy;Шовные материалы;;PSN737S;psn737s;Хирургия;HU-FRIEDY;Германия;Реверсивно-режущие иглы C-17 ;;rmt60147741932983164.jpg;rmt60147741932983164.jpg
Hu-Friedy;Шовные материалы;;PSN736S;psn736s;Хирургия;HU-FRIEDY;Германия;Реверсивно-режущие иглы C-19;;rmt21039017312131263876.jpg;rmt21039017312131263876.jpg
Hu-Friedy;Шовные материалы;;PSN734S;psn734s;Хирургия;HU-FRIEDY;Германия;Иглы с круглым сечением T-4;;~nophoto_2_73_808.png;~nophoto_2_73_808.png
Hu-Friedy;Шовные материалы;;PSN7343S;psn7343s;Хирургия;HU-FRIEDY;Германия;Реверсивно-режущие иглы C-19;;~nophoto_2_15_550.png;~nophoto_2_15_550.png
Hu-Friedy;Шовные материалы;;PSN733S;psn733s;Хирургия;HU-FRIEDY;Германия;Реверсивно-режущие иглы C-19;;~nophoto_2_5_486.png;~nophoto_2_5_486.png
Hu-Friedy;Шовные материалы;;PSN724V;psn724v;Хирургия;HU-FRIEDY;Германия;Иглы с режущим кончиком D-14 ;;~nophoto_2_46_680.png;~nophoto_2_46_680.png
Hu-Friedy;Шовные материалы;;PSN6953L;psn6953l;Хирургия;HU-FRIEDY;Германия;Реверсивно-режущие иглы C-6 ;;rmt8209199281716521972.png;rmt8209199281716521972.png
Hu-Friedy;Шовные материалы;;PSN683S;psn683s;Хирургия;HU-FRIEDY;Германия;Реверсивно-режущие иглы C-6 ;;rmt19303356551070548275.jpg;rmt19303356551070548275.jpg
Hu-Friedy;Шовные материалы;;PSN682S;psn682s;Хирургия;HU-FRIEDY;Германия;Реверсивно-режущие иглы C-22 ;;rmt10907039711779685632.jpg;rmt10907039711779685632.jpg
Hu-Friedy;Шовные материалы;;PSN681S;psn681s;Хирургия;HU-FRIEDY;Германия;Реверсивно-режущие иглы Premium C-3 ;;rmt1574533672782389293.jpg;rmt1574533672782389293.jpg
Hu-Friedy;Шовные материалы;;PSN641S;psn641s;Хирургия;HU-FRIEDY;Германия;Реверсивно-режущие иглы Premium C-3 ;;rmt1219005661954693692.jpg;rmt1219005661954693692.jpg
Hu-Friedy;Шовные материалы;;PSN640S;psn640s;Хирургия;HU-FRIEDY;Германия;Реверсивно-режущие иглы C-9 ;;rmt679090011119385647.jpg;rmt679090011119385647.jpg
Hu-Friedy;Шовные материалы;;PSN632S;psn632s;Хирургия;HU-FRIEDY;Германия;Реверсивно-режущие иглы C-9 ;;rmt11018013061325660578.jpg;rmt11018013061325660578.jpg
Hu-Friedy;Шовные материалы;;PSN631S;psn631s;Хирургия;HU-FRIEDY;Германия;Реверсивно-режущие иглы C-9 ;;rmt17820654531761110892.jpg;rmt17820654531761110892.jpg
Hu-Friedy;Шовные материалы;;PSN590FA;psn590fa;Хирургия;HU-FRIEDY;Германия;Реверсивно-режущие иглы C-9 ;;rmt1676921132939881580.jpg;rmt1676921132939881580.jpg
Hu-Friedy;Шовные материалы;;PSN585FA;psn585fa;Хирургия;HU-FRIEDY;Германия;Реверсивно-режущие иглы C-7 ;;rmt19335188671725687018.jpg;rmt19335188671725687018.jpg
Hu-Friedy;Шовные материалы;;PSN580FA;psn580fa;Хирургия;HU-FRIEDY;Германия;Реверсивно-режущие иглы C-6 ;;rmt774857694204641824.jpg;rmt774857694204641824.jpg
Hu-Friedy;Шовные материалы;;PSN540FA;psn540fa;Хирургия;HU-FRIEDY;Германия;Реверсивно-режущие иглы C-6;;rmt1406409326890128160.jpg;rmt1406409326890128160.jpg
Hu-Friedy;Шовные материалы;;PSN535FA;psn535fa;Хирургия;HU-FRIEDY;Германия;Реверсивно-режущие иглы Premium C-6 ;;rmt17766414641064689453.jpg;rmt17766414641064689453.jpg
Hu-Friedy;Шовные материалы;;PSN525FA;psn525fa;Хирургия;HU-FRIEDY;Германия;Реверсивно-режущие иглы Premium C-3 ;;rmt9273526501325006393.jpg;rmt9273526501325006393.jpg
Hu-Friedy;Шовные материалы;;PSN515FA;psn515fa;Хирургия;HU-FRIEDY;Германия;Реверсивно-режущие иглы Premium C-3 ;;rmt61808510937421398.jpg;rmt61808510937421398.jpg
Hu-Friedy;Шовные материалы;;PSN510FA;psn510fa;Хирургия;HU-FRIEDY;Германия;Реверсивно-режущие иглы Premium C-1 ;;rmt10829253981416339416.jpg;rmt10829253981416339416.jpg
Hu-Friedy;Шовные материалы;;PSN505FA;psn505fa;Хирургия;HU-FRIEDY;Германия;Реверсивно-режущие иглы Premium C-3 ;;rmt1553897121696215743.jpg;rmt1553897121696215743.jpg
Hu-Friedy;Шовные материалы;;PSN494V;psn494v;Хирургия;HU-FRIEDY;Германия;Реверсивно-режущие иглы Premium C-3 ;;rmt1983432273173484794.jpg;rmt1983432273173484794.jpg
Hu-Friedy;Шовные материалы;;PSN493V;psn493v;Хирургия;HU-FRIEDY;Германия;Реверсивно-режущие иглы Premium C-3 ;;rmt3872496351667738417.jpg;rmt3872496351667738417.jpg
Hu-Friedy;Шовные материалы;;PSN492V;psn492v;Хирургия;HU-FRIEDY;Германия;Реверсивно-режущие иглы Premium C-1 ;;rmt17993733572043633946.jpg;rmt17993733572043633946.jpg
Hu-Friedy;Шовные материалы;;PSN490V;psn490v;Хирургия;HU-FRIEDY;Германия;Реверсивно-режущие иглы Premium C-1 ;;rmt2468880021151448969.jpg;rmt2468880021151448969.jpg
Hu-Friedy;Шовные материалы;;PSN489V;psn489v;Хирургия;HU-FRIEDY;Германия;Реверсивно-режущие иглы C-6 ;;rmt7991999411142954428.jpg;rmt7991999411142954428.jpg
Hu-Friedy;Шовные материалы;;PSN393V;psn393v;Хирургия;HU-FRIEDY;Германия;Реверсивно-режущие иглы C-6 ;;rmt1452240987752442866.jpg;rmt1452240987752442866.jpg
Hu-Friedy;Шовные материалы;;PSN392V;psn392v;Хирургия;HU-FRIEDY;Германия;Реверсивно-режущие иглы C-22 ;;rmt2054136681892437508.jpg;rmt2054136681892437508.jpg
Hu-Friedy;Шовные материалы;;PSN388V;psn388v;Хирургия;HU-FRIEDY;Германия;Реверсивно-режущие иглы C-22 ;;rmt1191990300650062185.jpg;rmt1191990300650062185.jpg
Hu-Friedy;Шовные материалы;;PSN387V;psn387v;Хирургия;HU-FRIEDY;Германия;Реверсивно-режущие иглы C-17 ;;rmt1618232481738156360.jpg;rmt1618232481738156360.jpg
Hu-Friedy;Шовные материалы;;PSN385V;psn385v;Хирургия;HU-FRIEDY;Германия;Иглы с круглым сечением T-28;;rmt1503218171490310862.jpg;rmt1503218171490310862.jpg
Hu-Friedy;Шовные материалы;;PSN304V;psn304v;Хирургия;HU-FRIEDY;Германия;Иглы с круглым сечением T-28;;~nophoto_2_87_289.png;~nophoto_2_87_289.png
Hu-Friedy;Шовные материалы;;PSN303V;psn303v;Хирургия;HU-FRIEDY;Германия;Иглы с круглым сечением T-28;;~nophoto_2_87_568.png;~nophoto_2_87_568.png
Hu-Friedy;Шовные материалы;;PSN302V;psn302v;Хирургия;HU-FRIEDY;Германия;Иглы с режущим кончиком D-14;;~nophoto_2_63_388.png;~nophoto_2_63_388.png
Hu-Friedy;Шовные материалы;;PSN271V;psn271v;Хирургия;HU-FRIEDY;Германия;Реверсивно-режущие иглы C-4;;rmt7459449821879269511.jpg;rmt7459449821879269511.jpg
Hu-Friedy;Шовные материалы;;PSN245V;psn245v;Хирургия;HU-FRIEDY;Германия;Иглы с круглым сечением S-4;;~nophoto_2_60_751.png;~nophoto_2_60_751.png
Hu-Friedy;Шовные материалы;;PSN18507S;psn18507s;Хирургия;HU-FRIEDY;Германия;Реверсивно-режущие иглы C-22 ;;~nophoto_2_16_893.png;~nophoto_2_16_893.png
Hu-Friedy;Шовные материалы;;PSN1628S;psn1628s;Хирургия;HU-FRIEDY;Германия;Реверсивно-режущие иглы C-6 ;;rmt1460283727877697424.jpg;rmt1460283727877697424.jpg
Hu-Friedy;Шовные материалы;;PSN397V;psn397v;Хирургия;HU-FRIEDY;Германия;Реверсивно-режущие иглы C-22 ;;rmt8018085141412598686.jpg;rmt8018085141412598686.jpg
Hu-Friedy;Шовные материалы;;PSN389V;psn389v;Хирургия;HU-FRIEDY;Германия;Реверсивно-режущие иглы C-6 ;;rmt589174318315922241.jpg;rmt589174318315922241.jpg
Hu-Friedy;Шовные материалы;;PSN422V;psn422v;Хирургия;HU-FRIEDY;Германия;Реверсивно-режущие иглы Premium C-6 ;;rmt1491208995396312022.jpg;rmt1491208995396312022.jpg
Hu-Friedy;Шовные материалы;;PSN530FA;psn530fa;Хирургия;HU-FRIEDY;Германия;Реверсивно-режущие иглы C-6 ;;rmt3202886291288766460.jpg;rmt3202886291288766460.jpg
Hu-Friedy;Шовные материалы;;PSN545FA;psn545fa;Хирургия;HU-FRIEDY;Германия;Реверсивно-режущие иглы C-6 ;;rmt11881078421965593515.jpg;rmt11881078421965593515.jpg
Hu-Friedy;Шовные материалы;;PSN550FA;psn550fa;Хирургия;HU-FRIEDY;Германия;Реверсивно-режущие иглы C-9 ;;rmt2098583652801229163.jpg;rmt2098583652801229163.jpg
Hu-Friedy;Шовные материалы;;PSN595FA;psn595fa;Хирургия;HU-FRIEDY;Германия;Реверсивно-режущие иглы Premium C-3 ;;rmt1197726257905135415.jpg;rmt1197726257905135415.jpg
Hu-Friedy;Штангенциркули;;CM106;cm106;Хирургия;HU-FRIEDY;Германия;Weiss Castroviejo штангенциркуль, модифицированный 0–40 мм 17 см/63/4“.;;rmt3849740651350367632.jpg;rmt3849740651350367632.jpg
Hu-Friedy;Штангенциркули;;CLC40CWM;clc40cwm;Хирургия;HU-FRIEDY;Германия;Castroviejo штангенциркуль, изогнутый 0–40 мм 18 см/7”.;;rmt179970619183555680.jpg;rmt179970619183555680.jpg
Hu-Friedy;Штопферы;;PP25;pp25;Хирургия;HU-FRIEDY;Германия;LaBanca 3х1,5 мм;;rmt17194192841842546064.jpg;rmt17194192841842546064.jpg
Hu-Friedy;Штопферы;;PLGLABANC6;plglabanc6;Хирургия;HU-FRIEDY;Германия;4 Jovanovic 3 мм #10, #6;;rmt301998438463225112.jpg;rmt301998438463225112.jpg
Hu-Friedy;Штопферы;;PLGJO/46;plgjo/46;Хирургия;HU-FRIEDY;Германия;Simion, штопфер #6;;rmt4202924612069640802.jpg;rmt4202924612069640802.jpg
Hu-Friedy;Штопферы;;IMP6523S6;imp6523s6;Хирургия;HU-FRIEDY;Германия;Ложка для внесения костного материала, #6. Большая ложка 10х25 мм, маленькая ложка 5х21 мм.;;rmt5343678561600592235.jpg;rmt5343678561600592235.jpg
Hu-Friedy;Штопферы;;EHB13/14;ehb13/14;Хирургия;HU-FRIEDY;Германия;Labanca костная ложка;;rmt618480106521966493.jpg;rmt618480106521966493.jpg
Hu-Friedy;Штопферы;;BURD033C;burd033c;Хирургия;HU-FRIEDY;Германия;Jovanovic, 5 мм;;rmt10772443131725044856.jpg;rmt10772443131725044856.jpg
Hu-Friedy;Щипцы;;H3;h3;Хирургия;HU-FRIEDY;Германия;Верхняя челюсть. Корни верхней челюсти, универсальные.;;rmt13470794691007938623.jpg;rmt13470794691007938623.jpg
Hu-Friedy;Щипцы;;FX97E;fx97e;Хирургия;HU-FRIEDY;Германия;Нижняя челюсть. Нижние восьмые зубы.;;rmt9964533582039666824.jpg;rmt9964533582039666824.jpg
Hu-Friedy;Щипцы;;FX79E;fx79e;Хирургия;HU-FRIEDY;Германия;Верхняя челюсть. Верхние восьмые зубы.;;rmt172348465463415470.jpg;rmt172348465463415470.jpg
Hu-Friedy;Щипцы;;FX67AE;fx67ae;Хирургия;HU-FRIEDY;Германия;Нижняя челюсть. Нижние резцы и клыки.;;rmt2051290511404153004.jpg;rmt2051290511404153004.jpg
Hu-Friedy;Щипцы;;FX4E;fx4e;Хирургия;HU-FRIEDY;Германия;Нижняя челюсть. Нижние корни, универсальные.;;rmt5270137422069102861.jpg;rmt5270137422069102861.jpg
Hu-Friedy;Щипцы;;FX46LE;fx46le;Хирургия;HU-FRIEDY;Германия;Верхняя челюсть.Нижние премоляры.;;rmt955557038147529507.jpg;rmt955557038147529507.jpg
Hu-Friedy;Щипцы;;FX36E;fx36e;Хирургия;HU-FRIEDY;Германия;Верхняя челюсть.Верхние премоляры, универсальные (также могут быть использоваться для верхних резцов, клыков и корней);;rmt4834448172117965797.jpg;rmt4834448172117965797.jpg
Hu-Friedy;Щипцы;;FX35E;fx35e;Хирургия;HU-FRIEDY;Германия;Нижняя челюсть. Нижние моляры, универсальные.;;rmt1878261138509042086.jpg;rmt1878261138509042086.jpg
Hu-Friedy;Щипцы;;FX22E;fx22e;Хирургия;HU-FRIEDY;Германия;Верхняя челюсть. Верхние центральные резцы и клыки.;;rmt1134899512765768577.jpg;rmt1134899512765768577.jpg
Hu-Friedy;Щипцы;;FX1E;fx1e;Хирургия;HU-FRIEDY;Германия;Верхняя челюсть.Верхние левые моляры.;;rmt11535418911566395209.jpg;rmt11535418911566395209.jpg
Hu-Friedy;Щипцы;;FX18E;fx18e;Хирургия;HU-FRIEDY;Германия;Верхняя челюсть. Верхние правые моляры.;;rmt3818096730062859.jpg;rmt3818096730062859.jpg
Hu-Friedy;Элеваторы;;EXC220/16;exc220/16;Хирургия;HU-FRIEDY;Германия;Элеваторы для люксации. Прямой, 5 мм.;;rmt18561905701904544116.jpg;rmt18561905701904544116.jpg
Hu-Friedy;Элеваторы;;EL5S;el5s;Хирургия;HU-FRIEDY;Германия;Элеваторы для люксации. Изогнутый, 5 мм.;;rmt1916526681735965866.jpg;rmt1916526681735965866.jpg
Hu-Friedy;Элеваторы;;EL5C;el5c;Хирургия;HU-FRIEDY;Германия;Элеваторы для люксации. Прямой, 3 мм.;;rmt190689640465235481.jpg;rmt190689640465235481.jpg
Hu-Friedy;Элеваторы;;EL3S;el3s;Хирургия;HU-FRIEDY;Германия;Элеваторы для люксации. Изогнутый, 3 мм.;;rmt3079093341982700294.jpg;rmt3079093341982700294.jpg
Hu-Friedy;Элеваторы;;EL3C;el3c;Хирургия;HU-FRIEDY;Германия;Элеваторы для люксации. Heidbrink элеватор 13/14.;;rmt1179176321462044531.jpg;rmt1179176321462044531.jpg
Hu-Friedy;Элеваторы;;BSJO5;bsjo5;Хирургия;HU-FRIEDY;Германия;Bernard элеватор, левый. Парные инструменты.;;rmt153964853284895041.jpg;rmt153964853284895041.jpg
Hu-Friedy;Элеваторы;;BER7;ber7;Хирургия;HU-FRIEDY;Германия;Bernard элеватор,правый. Парные инструменты.;;rmt173628999846898302.jpg;rmt173628999846898302.jpg
Hu-Friedy;Элеваторы;;BER6;ber6;Хирургия;HU-FRIEDY;Германия;Bernard элеватор, прямой.;;rmt927838055769290436.jpg;rmt927838055769290436.jpg
;;;10-130-03E;10-130-03e;Хирургия;HU-FRIEDY;Германия;;;rmt6166079281040701804.jpg;rmt6166079281040701804.jpg
